config/defaults/system_config.yaml	85be35bbd532ccc4c360c4c5664cc4c557e0406a3ed896a13b589ff2bf542ca3
discovery/core/os_detector.ps1	a9dc4f992f57e2ad9ccdf619ddb207121fbdf96fe22340d3ae60c076910b4dfb
discovery/core/os_detector.py	9b214444ba933e85747eb2712289b591d8ccaa37611045f5fe7bc662bad84ae1
discovery/core/os_detector.sh	ce1f7c6a168479c85d7ff869fbf030b80f127da4887c6b2e83a21c716128ad1b
docs/AGENTIC_AGENT_Q_PATTERN.md	5db8e579d04ab38d4ddffdddc0a37e270d4d010a01a62cfa08bf9577af83b6de
docs/AGENTIC_DESIGN_INDEX.md	7905861037d7c943fef04895e6fcf6611bd7abaddfe1c35b050086cb7440fba8
docs/AGENTIC_UMBRELLA_WORKFLOWS.md	708549533ceb808bfad180a5938dd30357ddd8a7333fba78bbd1c03eeb0d2143
docs/AGENT_SKILLS_COMPLIANCE.md	fdfd72ff22bb767d9109986c285b467e13ce2a300f7d348b7992e43ea380597a
docs/DECISION_TREE_WORKFLOW.md	15c29fc184fd148cadf59c16e66c50d9d34a87b602a7b4c2ece5f645ed9b7e8e
docs/DOCUMENT_LIFECYCLE_MANAGEMENT.md	05e7e532f9d2c43598104bcfa32dac7ae44729b5b22af3bde91b16b3b47a71fb
docs/FEATURES.md	328fbf8093cbe2a58595f5e97c835b11bf7efc3109bbba22d7813ae099e2a916
docs/_generated/facts.json	1294b4535ffccf26025fd0f7d9d8b0783fffbb783f256a18ba4ae062d2c2f846
docs/GIT_TRACEABILITY.md	2c31d1de87142a3137b718d3821df0ca2aa142b8225ed51826cb1c6341b5e5ec
docs/INPUT_HARDENING_STANDARD.md	618de38488a52cd45635acb6ed8585b0e4d0f89d8aa605565d9bb2cfc828ae89
docs/MULTI_PLATFORM_INSTALL.md	c3b9fe9384208695b1084b4985d7cf07a96249ce0ee2824f56288049c1355fa2
docs/ops/tmux-ops-remote.md	70ac8021cba7268369ed42d8374e0de5bc4429985aea099dad607b024d1e28be
docs/OUTPUT_AND_DOC_GENERATION.md	ab9d2d03241bce1f041b7470dd436d6e01f3544d3a3ee474f1dbee0ed2037564
docs/PLATFORM_REGISTRY.md	5c9e39aabdf8c4339584a7724d052fa209f632f9b07309c069a0ff7be7721081
docs/PRD_SCHEMA_EXTERNAL_AGENT_GUIDE.md	329bfabfe0891040f514fe32cea2b27eca4f82539e892564832c6345e1d7b1c8
docs/PUBLIC_SKILL_INDEX.yaml	2e85d0db93b997ec75a13902cbc65d08c7825d4ac90739a6d446a3df099a8f69
docs/PUBLIC_SKILL_REGISTRY.urls	7c9848ca6f63c8b022e66958fb88b96e44f3f963d659e6e96666df727f4dfcce
docs/QUICKSTART.md	7cedd8965e748f550d320016dcf009cb84195db72eb1bac6b4c71ca260f473ee
docs/README.md	12cdef4845c0ac56b6ea1bef40a147504a062f4c55f7cab843dc0aa8450fc34c
docs/REPO_AND_DATA_SEPARATION.md	c8d2886d96c71c8b17128035d1e8b23554a8042717c5c12c8380616719b9dc95
docs/SKILL_DISCOVERY.md	205804b0ac6dd67ea47fb98c54ffff368a8615399d1287f6a4bb5b2d57c1cc9f
docs/SKILL_IMPORTING.md	66364334dd48d34beeeb076ebd884a4143f4a1b2c445a53dd48cff95eb9c3d3a
docs/SKILL_INTEROPERABILITY.md	9c9862a87c2aff59002cf49a1b65f765b9847bdad9fabcae2996c531d2296362
docs/SKILL_NORMALIZATION.md	fbf61bb3fca714bd95dea80999656f1efae409942ec7bf36205f98c817f4181b
docs/SKILLS_AND_RULES.md	f28dc5eacbd7308b681294982e593542ab0c26593ef7d2487a0025a4a4486f4c
docs/SKILLS.md	a940a8862bf9b05f68c47d0adf826833d6fc604c15c6b36bf5e40c9ff94a45f9
docs/SKILL_VALIDATION_PATTERNS.md	3ed185d96e712e32ef00ace516f1f4eabe2e85fdf332c7506fa0e3e161451231
docs/SKILL_VALIDATION_PATTERNS.yaml	8eea7e547485131b51599108622aba88b99e3d7cf6065c4cde5c61b2df1345b4
docs/TASK_SKILL_MATCHING.md	3ca01543a385780fce1d2c545490edb2ec924bf727eb742d1531164061a88b06
docs/TMUX_TERMINAL_MODE.md	55884d3cb6f9f101756708313efe1b987a02986952799b0ecc5d3ab850b6104a
docs/TOOLING_POLICY.md	338e87a95a21965a6240e5efc8c60fc52f76ac514521fa84a6aa009f4d9c989d
docs/WORKFLOW_REGISTRY.md	34303b14969b38a84d7f8579fb3f940024edd4d25c5131f938a9a89787f389a1
lib/data_paths.ps1	10a09da551b71f40f55f8c71bf682b7a304d06200a26d31e7e0831cce677d205
lib/data_paths.sh	ba833cb479e62901fac1c01f04f6e78181eee6220a04bc11fcc2b68a4cc853f2
lib/deps.py	7c4a3768e5d555194fb6b60f3806252517241024594b2c3e612454132d0d6bdc
lib/json_formatter.sh	fda50013fc4b7999fd5710467dbe80bce60b3972719e0586dc3f27fb1e69fbdb
lib/path_resolution.py	f0f8185d156cc819a910e8ca22ebccde579e506b9ab27bb1fb13de51f0102a74
README.md	1f337b7d69ef6d05e5b039f4ca2f4829ce392d76baf7e7e4170b4e1a78f28469
requirements.txt	a2a2a1a2e6502356e0e1364a839ea79e5393a36b2523b5ca6495497a578756ec
skills/localsetup-agentic-prd-batch/SKILL.md	684672432d70f7cb3c00f739046f2ff5434dfcef289202ba8cbe1083dd9d6fd4
skills/localsetup-agentic-umbrella-queue/SKILL.md	2fba17681261b6e4ad8342fbad242e3a3a37f3e6a6afe878fcc29a6bd7cae4f7
skills/localsetup-agentlens/_meta.json	0595865c6280eaae0f6bf4766441215bdcbb5ba2e45fd305b5b38bb172d1fff9
skills/localsetup-agentlens/references/navigation.md	2f5681e673ecf094e401dca8780461156abd7964df2fe7180eeefef6f8770758
skills/localsetup-agentlens/references/structure.md	aa31e1ad41f8ae96b7620e76ed955f832eb9baf907433fac0975e89efe9c0bf6
skills/localsetup-agentlens/SKILL.md	f0e03873ce61f4b8a9bd988fa2d403b281ba9320fd5c97f3c6a2b5cedb2c2041
skills/localsetup-ansible-skill/ansible.cfg	667617caecc9400124106d0c6f50c9df893ada5aa0f13cc26ee970f7f0db3a40
skills/localsetup-ansible-skill/inventory/group_vars/all.yml	ae7d9b7d671e8abfeb940425787990200514dd06cd9fdae8b1ecdf21fcb75b98
skills/localsetup-ansible-skill/inventory/hosts.yml	920b80fd53eab3461e8dcde244eaa2755e22f1d122d5bd2f8bd635efe99a8013
skills/localsetup-ansible-skill/_meta.json	21eb7c0562e1062bd7e22f88a188e18ef86e46a68386d1a814fc9c224ad532de
skills/localsetup-ansible-skill/playbooks/openclaw-vps.yml	ec108219a02305d27183c0eb9bcd5185a98b55641029eaf1a87fd1319bbed35a
skills/localsetup-ansible-skill/playbooks/security.yml	0744ab1a821056b6e25b173d4ff7538b462f46977ccf868c1d5e19c65afda98b
skills/localsetup-ansible-skill/playbooks/site.yml	4a5c3c1bed59f43746166319238ca50126faee3846a95e5a3b5001bd55db3d9b
skills/localsetup-ansible-skill/references/best-practices.md	12c7a14109661952838793471610200b83394f1c0b42b79b09fe3f1d6821198f
skills/localsetup-ansible-skill/references/modules-cheatsheet.md	07cdc00f55cc5a0bf47a32d02cfe03896ca42a2602ac4e07921a33beb522b2f5
skills/localsetup-ansible-skill/references/troubleshooting.md	b2e75409c09c093c3b03dfe2529592a54ae6312b195ebe56d8306a2c0bfea6f2
skills/localsetup-ansible-skill/roles/common/defaults/main.yml	926690409d288a9a76b660c984578e497b46f1617c4e18d8a2ecbd7cc7626c16
skills/localsetup-ansible-skill/roles/common/tasks/main.yml	a3b1c851c6df79890115360832afe8c4df08b5c741b0a579458da3f13b1f9ea3
skills/localsetup-ansible-skill/roles/nodejs/defaults/main.yml	6a95f8376ee452c374090d01196d7350a2d89d887626f838cde64c298722ab79
skills/localsetup-ansible-skill/roles/nodejs/tasks/main.yml	1e3569dbdfd6ebdd8e48183056e01198009b56240dcf25f6066da66e48f4e49b
skills/localsetup-ansible-skill/roles/openclaw/defaults/main.yml	d68fb5ce94aa2f424d2a24473049c408f3669981f4a755e1d343420e58b031ff
skills/localsetup-ansible-skill/roles/openclaw/handlers/main.yml	5784f0b6e478317431d05c7ced1b0c3574993ae5d413d8b69e1cbebec27de2fb
skills/localsetup-ansible-skill/roles/openclaw/tasks/main.yml	3e3a64a17335bda3c348b758aff6b35bc787a722aa35a332a04a18eaab81aca2
skills/localsetup-ansible-skill/roles/security/defaults/main.yml	c8cfb686fdbde5fcdc0eff8f5bdb7184fa4ab4836ebebb3af61659ee71237676
skills/localsetup-ansible-skill/roles/security/handlers/main.yml	6527493c1359ce6d5ce24485a917c346c78fd09d3f4d01c96705e4b6e1ace3b6
skills/localsetup-ansible-skill/roles/security/tasks/main.yml	c7dffcc0f4b6b2f7e2e509363dd2bf350596b555a67fb31c5736ef0217e67abb
skills/localsetup-ansible-skill/SKILL.md	4511ab58d06e72d762e43cf12632e0bf3cbb9dca22985236854630a2a970b2a1
skills/localsetup-arbiter/_meta.json	b7621d8726af0e398ce1dad9027dac9fb8050e880c899cffbd1dcfecc1ccba7c
skills/localsetup-arbiter/package.json	a5a8d18bf1070528e7a1968049faa043c8fc3689249a10ec22b1042474524eed
skills/localsetup-arbiter/README.md	a09f28b27e6e98a477f8f7fb8bfd7856187e1d11b09cca3f749dad7ccc2803eb
skills/localsetup-arbiter/scripts/arbiter_cli.py	c5b1a392c73a75e60554fd29c7114c9eb410f941ac82a088986f3ca170601841
skills/localsetup-arbiter/scripts/get.sh	8fc386880f161492d59c99331f901662a208b3b2aec66840949651dbdf4d6fe4
skills/localsetup-arbiter/scripts/push.sh	b826b5a6d63119d077a6d76c4d26ac15369457ff2c5ed5315039dd4a5566281d
skills/localsetup-arbiter/scripts/status.sh	cabd19fbba9be3649c1d6457200b96824a5c0b79b708c1fe6fe71444c7840b5c
skills/localsetup-arbiter/SKILL.md	3e93f7ccb97929257954178aa1b480a632e2663d11512ff25365d50b293db7ae
skills/localsetup-arbiter/src/get.ts	7b5ecff3eb10b9a08d7cb6de00c7895a28ba8a79a106c353be4485aa4f0baffb
skills/localsetup-arbiter/src/push.ts	f0b796169d042b35543c3f9fbda8600a378a9751a79a997cf3bd07634b46e322
skills/localsetup-arbiter/src/status.ts	9cb71e3c4a764c0c32b8e5099f0f70ad86530f1e5f1fb8b3034758433793a662
skills/localsetup-arbiter/src/types.ts	c873b4c4c822651e743e0d9cdc6b783903fb8a005a574a66f644f64aa1abca83
skills/localsetup-arbiter/src/utils.ts	a7ae4842c32f05d98a64c4fba6e630949ef8d539ec5b2d21b999604d364a7e72
skills/localsetup-arbiter/templates/decision.md	253a76c13ed020754e98abbd22a1b35adf90b3c869395046ccb64c5388b570e1
skills/localsetup-arbiter/tsconfig.json	b51a0c63152dee427451d12d2b4bf4b33404f64376687138dc3923a3b86354e2
skills/localsetup-automatic-versioning/SKILL.md	cd93dc5dbc5266651c785d0190ba1f6d027ee8adbd2987015466872ebc6c0d00
skills/localsetup-backlog-and-reminders/SKILL.md	a4004566145f531d637a0804bc0fcbd4e763ed4c9079266e7d52796397c749c0
skills/localsetup-cloudflare-dns/references/api-token-setup.md	2fb3363774bd835a7350bea32a4d1d2cfc893fde106f65952dc84c1a6068d52f
skills/localsetup-cloudflare-dns/references/flarectl-install.md	c93620f943d59f0820da0ef430c61f8ad95ebc510880647267c656a6e41831ee
skills/localsetup-cloudflare-dns/references/survey-schema.md	499d9a5489dd1446b037f2a6abb7ac8b01970aa3c0e86d779d5af54a63915f4b
skills/localsetup-cloudflare-dns/SKILL.md	6f4adc2e51dfbdebad59098c551902d1da7218789ba4c3450a8ed07a5a1c206c
skills/localsetup-communication-and-tools/SKILL.md	49846c79dda54427dfc55cc968f1f36851d4d37d4cbe77a478a18e8dc3674b42
skills/localsetup-context/SKILL.md	075e7a85643591abab58fdbddae05bcea95f9ac3684d2e11b878787525ab82ef
skills/localsetup-cron-orchestrator/scripts/cron_ctl.py	7fd38efb162aea42bbaa8226be74608dfb8eaeb0859c765a9987a4f291d48c91
skills/localsetup-cron-orchestrator/scripts/run_trigger.py	75d304be9e3a55657938e3f14e45146933d0bb6152540a0978ca1604f384424c
skills/localsetup-cron-orchestrator/SKILL.md	c170150522a1c512d965e0dd5704a8175c288684a38c22402085131d9523fd3e
skills/localsetup-debug-pro/_meta.json	3e6ad855b847c7ede8882a18bf88405452b20a98f3359c8665cb742e24fa8afb
skills/localsetup-debug-pro/SKILL.md	3276f83defab8ebde97990d0d53178d87147a72e1fd4f3efb0387dc5de64da08
skills/localsetup-decision-tree-workflow/SKILL.md	6aac36d3c72930b3b1f5d9f54decdf899724054088da1e0f43a5c59e6b3452b7
skills/localsetup-framework-audit/scripts/run_framework_audit.py	268d62fe71ff12f3c61286e1085f1c3dbffd412cf576ac6fd76a91163f187fec
skills/localsetup-framework-audit/SKILL.md	78370d8acaebad64d26ecdf456c9e5f490e3fbd9bc9c035f2c5c26001e68925c
skills/localsetup-framework-compliance/SKILL.md	002ce35c745af5759165b487cb42364e42ba8bde806fb2a88d3786d99f8e1418
skills/localsetup-github-publishing-workflow/SKILL.md	04b6484e4520b2b345433edb3d5008c389e5ad3d47007a27115a473d6fe59095
skills/localsetup-git-workflows/_meta.json	47611c06bf53183c615add658a4fb1ef8989419ad2159a5033f62f775b42ef12
skills/localsetup-git-workflows/SKILL.md	da07ca37dd1326d470a1230adf244e4b997126dc90843642344b46b5b103384f
skills/localsetup-humanizer/_meta.json	67e6cf5519d4b2f15a2fee40783860194a4b1bf623c0a929f48638756be4ad98
skills/localsetup-humanizer/README.md	4f3f9414dc2b7605dc551a180fe9cd2de140f43373064d07ba87b5eceeba7fb8
skills/localsetup-humanizer/SKILL.md	57dd3c64c02b74736f57e1b1649624c9e88bb74110704da649e5746dc61b6236
skills/localsetup-linux-patcher/CONTRIBUTING.md	3308a75b2aa272e0d6776e735d26d139e278ee32ceaaf0733a638a4a5a43a848
skills/localsetup-linux-patcher/_meta.json	32da893ee8330f501aa679e34c075e1eb45112de748017c5a15cf69ac8ab3234
skills/localsetup-linux-patcher/README.md	557fe26850d5a36ec9247409b0d608f3d764bebfed8f20566ec2e480f1b8dc93
skills/localsetup-linux-patcher/references/patchmon-setup.md	a99d5c9b3a5b970607a9c87ee5e650741b0dc42cc55d5dac141864417358aac4
skills/localsetup-linux-patcher/scripts/detect-os.sh	59a7685c75dce46dc699740ee240732f497fa69cd15b085f523f2ae42cc1f729
skills/localsetup-linux-patcher/scripts/patch-auto.sh	6955935b5e99d56ebe2d20b0bd210dc8320b10640306a9e7405a6bda4ced4518
skills/localsetup-linux-patcher/scripts/patch_cli.py	87aa8deecc657ec28b10e5f40d951c608f0d6ff8dd3ae88cf49ecb26741084e3
skills/localsetup-linux-patcher/scripts/patch-host-full.sh	243459f374bc3f0090029d754c20c3b682ab73e4dd19363944a2ff7eb2146efb
skills/localsetup-linux-patcher/scripts/patch-host-only.sh	ed25eb191d30acdb5ccf88606f8b231533ed2e8c6c7adfdbd08291ecfd6d29b3
skills/localsetup-linux-patcher/scripts/patch-hosts-config.example.sh	cb62d24505e1b2da9d2e8ac23f55e6fc4b18e35b885190325721f5c80368a34f
skills/localsetup-linux-patcher/scripts/patchmon-query.sh	ba9805d3c1459f01531759311abce47dac1d7fc83556114b6231c82d1b9f45e0
skills/localsetup-linux-patcher/scripts/patch-multiple.sh	92a3c4b5e49546b3f93ab048be4417248889922fbe813916b3d934dbcffe5cf7
skills/localsetup-linux-patcher/SETUP.md	8e3bf1f44e9f85c94fc9ff7df6f80a168ce0caa53897e2b6251d8bbeebc20a21
skills/localsetup-linux-patcher/SKILL.md	2190e41fb237b6a40ba5cb806c9f44e3c6e3188da255616fc27ec0f07c0186e8
skills/localsetup-linux-patcher/WORKFLOWS.md	ef42fd0042493c9745160be81e062abb12bacc6e468f7418fbd070e62785a5f4
skills/localsetup-linux-service-triage/_meta.json	5e1e4a60ddf00e3d0a4126e87273bffc6ef790ff22ae67361ff320d83ce496f4
skills/localsetup-linux-service-triage/references/triage-commands.md	f1ced95b4d7eaeb72b1bac1d833d5a6127ac88f8b57a9de7be1800d88dfec611
skills/localsetup-linux-service-triage/SKILL.md	671d2226003dc9d4266bd3cd27f82ae066d1912bf96008c96ed2e49186e7262d
skills/localsetup-mcp-builder/LICENSE.txt	58d1e17ffe5109a7ae296caafcadfdbe6a7d176f0bc4ab01e12a689b0499d8bd
skills/localsetup-mcp-builder/_meta.json	9dee4f4e80fe8dba1cd15be4e284ceee2c27a65ce8f2ddd7463c3343b1101d93
skills/localsetup-mcp-builder/reference/evaluation.md	8c99479f8a2d22a636c38e274537aac3610879e26f34e0709825077c4576f427
skills/localsetup-mcp-builder/reference/mcp_best_practices.md	ceb27e896cef98c1e1e280941b3e3e673ec0090eeee1dfb0628001c32f96f3bd
skills/localsetup-mcp-builder/reference/node_mcp_server.md	40b03e9c07463d5db524c1f5140ef60713fdd911c2f4386f89e0b94d43b8764e
skills/localsetup-mcp-builder/reference/python_mcp_server.md	4e6db48188f44ff4eb707f50b8d273d5d18af4b88d326f7a26f03a405064bc0b
skills/localsetup-mcp-builder/scripts/connections.py	9403668a2041568772082a8b334122c1f88daf0541fb393af4522d0094a47a6e
skills/localsetup-mcp-builder/scripts/evaluation.py	83c41d74f161dc56cfa4983e58a53008bb3bcf817b84abfa514517be428c7b24
skills/localsetup-mcp-builder/scripts/example_emulation.json	730b3da1f98fa11660421eda95ffbe6c486aafd51c354d2c2d7f3ad3b2b71639
skills/localsetup-mcp-builder/scripts/example_evaluation.xml	9272b348ddcc4b06ba562367ccd0770e018158c0068ac5116d5e34aaeff8777a
skills/localsetup-mcp-builder/scripts/llm_providers/claude.py	62515f6390bf4183418c9bb7637921d9ffc9c25b0361297d07951aafd3dd1539
skills/localsetup-mcp-builder/scripts/llm_providers/emulation.py	354fc07d4c4a7d425b84eaf93ce27e774f06ef2b7b498809a3eeda2d7514ccf3
skills/localsetup-mcp-builder/scripts/llm_providers/__init__.py	48d01612054e38d475544971e44b2870ec7a28582fd6acdf28010c89e94c9a9f
skills/localsetup-mcp-builder/scripts/llm_providers/openai_compat.py	07bcea7b5339fa02be3fcd8dc046ceec0ee2af3f9d01e58b49a846478f277857
skills/localsetup-mcp-builder/scripts/requirements.txt	158b3e6b3f33da66f75735ebc9e779ff2399eb69e2f350856736e73b3dd14e99
skills/localsetup-mcp-builder/scripts/smoke_emulation.json	0f7622c8d4eefd4c6d1d5af79fcc028e573aaa8d3407fca81d0374485184b5ee
skills/localsetup-mcp-builder/scripts/smoke_eval.xml	d990a7d25121f9c449260f3cc520c05100f8c1fa24ec36fa0dbaa768dd20a2b6
skills/localsetup-mcp-builder/SKILL.md	927e2541f02ed944874c0a8cf954d56173c7126d8da3fa0de8787c38e6ccd734
skills/localsetup-npm-management/references/npm-api-conf-example.md	04145550acc9f63f1afc5641960468b5e3ec47602dac6799796ed8de48395d4e
skills/localsetup-npm-management/references/proxy-host-template.md	8a637fc5df6c207200bccc6e5f83c38c6e160160e9ef2d15ef08755c366fc40e
skills/localsetup-npm-management/scripts/npm_api.py	bd71517e77bbbc52a5bcbad516317e82d1fe588292247e71f6c1463bfacf37f6
skills/localsetup-npm-management/scripts/test_npm_api.py	0b5dad98227ff68c88f4ade6a856d22403690db068c4619669f19147e56697fb
skills/localsetup-npm-management/SKILL.md	e73dc86836f817146a4543897a8c667378c5f046ce5bc12ccaf31138dfeba54d
skills/localsetup-pr-reviewer/_meta.json	ff160dcc9b550851d15c7b464981e4159e0c14682773d31c0c84a5ca553d984a
skills/localsetup-pr-reviewer/scripts/pr_review.py	5b8e4d669c47a97b4e00102bbc2c9d6a79932840ac2bcb34f626699007c63ec5
skills/localsetup-pr-reviewer/scripts/pr-review.sh	1587252d1bfcf4544c8a80bbbc9771c7f109908fb8ae64468d47e9a66b75c256
skills/localsetup-pr-reviewer/SKILL.md	c4a1429316708273617f9b42055a3c0aa5c64963b27d45234d06679563080b69
skills/localsetup-public-repo-identity/SKILL.md	dac0c42885482823612c39c6d2afbb3ea4d7228ac965c6a1cdf0ed03701e493b
skills/localsetup-receiving-code-review/_meta.json	044c2b4d2637e1206299dc0c14ad806a1937a2f69bec624501ab0b566ebf0ecb
skills/localsetup-receiving-code-review/SKILL.md	b66c0a8422b6942e5f8b521f28bb94b908a45f274edae972867e74fa40f6ee4a
skills/localsetup-safety-and-backup/SKILL.md	8fa0349534f80bd6a6e7c5f28cb3e554a956bb680d48c3c0225c7d24579936ea
skills/localsetup-script-and-docs-quality/SKILL.md	27e3284f36a13789ba0992ee656c7a1a179f2906adf3870c8f5d58508769eb96
skills/localsetup-skill-creator/SKILL.md	dcfbd517a027c1d06c1c7fa713f34ac3122840008826a3ef0807d716249f88a3
skills/localsetup-skill-discovery/SKILL.md	e937800f7bc71b7f7b64e85d6bcedac7c1ef5e22b736f0752f1e28ea3fc474a7
skills/localsetup-skill-importer/SKILL.md	befec024928081a4d4dda4e806f83e8a573847873ccfaa60f83b6c3c7902ab99
skills/localsetup-skill-normalizer/SKILL.md	d1a1afe984fa361435fee064172854a31bece1d412d090ebb3fb16f71373f761
skills/localsetup-skill-sandbox-tester/scripts/create_sandbox.py	5845d83c891c596315a7f2a6b71dbf3bc83726d7ca89cd36120df4e5ddba0d66
skills/localsetup-skill-sandbox-tester/scripts/run_smoke.py	a1b9c3f25d05f41ab57381509a12804b6211e76728304a22b507795ca54b7eb6
skills/localsetup-skill-sandbox-tester/SKILL.md	f9eeb855044ceac77164c0b3d86a9ab51aa6fbbbf140ce96690c2be1d83a3933
skills/localsetup-skill-vetter/_meta.json	0812a02d19f2a7d19e2251e35c51bd135bf716173994ee14bb564b8150315853
skills/localsetup-skill-vetter/SKILL.md	58c36dd9eed97435f26023be8f9fbe081fb9df173025ac6aa26bf009fbcdedbb
skills/localsetup-system-info/scripts/system_snapshot.py	82ef1e26a1e84558a6fc3527204280325385beb1846b6a11d19da4ad61a13023
skills/localsetup-system-info/SKILL.md	c42f93d6e965ee71bafba34bef92c7b0e68b506db44c4710274ebbe05aa1aa89
skills/localsetup-task-skill-matcher/SKILL.md	952cc6de33c60e06c2b77273925efa67e566ad4f6587e419618959030afe5e14
skills/localsetup-tdd-guide/assets/expected_output.json	03a146673c9743856f80654c27d1d9294f5c795d88b02901a305c0b8e49c7eb6
skills/localsetup-tdd-guide/assets/sample_input_python.json	be90a513e0a6cdf6db21bf89177421b3eeb6f53d642e3b13276c3c6ad7e537d0
skills/localsetup-tdd-guide/assets/sample_input_typescript.json	5dee32466f71080736418ad3a36d252d6f5b117df975ba682463688ce8e9128f
skills/localsetup-tdd-guide/HOW_TO_USE.md	1257c94e7f8b1b06da85a11db49d3894fa76a7e633c24a17444612f88999fa65
skills/localsetup-tdd-guide/_meta.json	86f085a0630afd640f3ef9c888220aa77b5860c1ce0c3f8d5dab32b51637e203
skills/localsetup-tdd-guide/README.md	0d17c8ff5780c371d76a9e5caf026f145b007e0163fce4c6b5775c25df9cbc27
skills/localsetup-tdd-guide/references/ci-integration.md	47cfd82bd0287c9fc6cadd6bec35459571a2af162d3449a54bdd41e808949080
skills/localsetup-tdd-guide/references/framework-guide.md	1a4370676a8543aa7e4e6305a72ce164b8c5a921104112fac996d7c1a3f35466
skills/localsetup-tdd-guide/references/tdd-best-practices.md	ee7a8aaaf9381692e7b4d03b111c8300e6217a65f0a9effa7817d2cb9703a2d5
skills/localsetup-tdd-guide/scripts/coverage_analyzer.py	1da0290c739634b4da7f6e1515e5e11bc70cb9060cc67dde4c2c50b6777fd5e4
skills/localsetup-tdd-guide/scripts/fixture_generator.py	8ee81d35b6a72fc768038e30c0ef7b997c57165b5c428ef45b9aef1cd9fc5f0a
skills/localsetup-tdd-guide/scripts/format_detector.py	a12f1d016967fc0a8a3b3f68b28a172494c33c9252d72d662c7a37f765a6692d
skills/localsetup-tdd-guide/scripts/framework_adapter.py	03a189d01310f04cb025bb9498ecd6bdc7d16eef119e992ff513774939299c58
skills/localsetup-tdd-guide/scripts/metrics_calculator.py	8080b0daa70cb38114cf7937e3e8f942cef99b81db3fdd786e1ca44350bd57a8
skills/localsetup-tdd-guide/scripts/output_formatter.py	e92a7559ae39c9b144a55b2dfaf6f14d9137a7e37aa9ee07adaf7c4c346b21fd
skills/localsetup-tdd-guide/scripts/tdd_workflow.py	5048dda42125f9c95cd49dbf67816f5bc635fee0cc5938a74a4d1b59361f9095
skills/localsetup-tdd-guide/scripts/test_generator.py	6ec26f0f29339ab23f0ff65fd140eaec143751759c7ddf360ada988059959346
skills/localsetup-tdd-guide/SKILL.md	63e6d2eceadd7fa331a855ada4288522fcf3dcfd7c72a4dc3d6b206d42f6c9de
skills/localsetup-test-runner/_meta.json	00419af783eca60c081226ff774e4b2589b68fa83d01a1880d2029693cfc4fe4
skills/localsetup-test-runner/SKILL.md	e811f84c2f9624732381aeabb3096056c59885b2602425c05d7593d050ec0600
skills/localsetup-tmux-shared-session-workflow/SKILL.md	02535e73eb9d0a19a64a419851e2949b5d934908089b3f59cc74067db6959510
skills/localsetup-unfuck-my-git-state/agents/openai.yaml	2f09f4c01470415f7b2a91fe5473c9ad2a9577d30ee090cae450108d64e0179c
skills/localsetup-unfuck-my-git-state/_meta.json	27a60bf9fc02860a27a6b35d39e4ccedc2ef81d2950e0715f08c6746eb036881
skills/localsetup-unfuck-my-git-state/README.md	3d515d395861e9be4a7977147413c00ce88332ebc2d44692d6bdec2f4c789b35
skills/localsetup-unfuck-my-git-state/references/recovery-checklist.md	d6c97b54ef07548a01dcb69cfc120c61b49b86ab9207da9f197aaa1ef73ed8e0
skills/localsetup-unfuck-my-git-state/references/symptom-map.md	a776fea6e2a1b06ad5ad3072d618984aa9506ba40b9d760b160beb5f0c4f3902
skills/localsetup-unfuck-my-git-state/scripts/guided_repair_plan.py	ab16be1882eee7a8077655c614db1569b38ffe749d55d821a43738a57dd9d267
skills/localsetup-unfuck-my-git-state/scripts/guided_repair_plan.sh	5cd35f13055fc72de4a5552481c57ff620406e8252e959095ebe0ba89b82883f
skills/localsetup-unfuck-my-git-state/scripts/regression_harness.py	77d59b3e7273eb7fadbcbcff2c5cb0a84ac96560912d627790607ef0090de5a0
skills/localsetup-unfuck-my-git-state/scripts/regression_harness.sh	50e835cbd96bb369aa5a12874187994492c888495e3dbb1bcc4a8066dcbc37dd
skills/localsetup-unfuck-my-git-state/scripts/snapshot_git_state.py	23c65a4b80088f97f05ec93d04f2dc629f615048771a00aafbd1658137968a0b
skills/localsetup-unfuck-my-git-state/scripts/snapshot_git_state.sh	f1f998a75676aa8952e7a5ecc14e308f39b6c7d567dc6353d19135445fc899c4
skills/localsetup-unfuck-my-git-state/SKILL.md	12af33d3f6c9da7027c849afe0fc322170a3fa3ab55ad8acd19aabb54de1865f
templates/claude-code/CLAUDE.md	b2bb44557389296230a57809d8d3f4842ed104600fc7476f75ddb825a2ab4ffb
templates/codex/AGENTS.md	a9d2a3b18e99926e28a03b92987188100a0ca1c06b199629ec60b7e31ca02083
templates/cursor/localsetup-context-index.md	da1414a09372a6da228bb881f8a78e6998656c697641458cce72e24ef3fc3191
templates/cursor/localsetup-context.mdc	b5c3700f59805cf6007b9ba8b975ea5540fbadd4e87a0128a7d86a6ae3093ccd
templates/openclaw/OPENCLAW_CONTEXT.md	f9b363f5c32f538df6b11a8e86845a430c2060c04c0ca0401ec1bf38c0363269
tests/automated_test.ps1	cc609390e2bab0234263470c4d8b294862e8d23b7073454453ccd5581c92306d
tests/automated_test.py	ded1cef675306b4c03bcb3960f0a1955182bc385f9d186071a5927331fb23073
tests/automated_test.sh	386efef8511feda59bc73c71e4b779962b8b1d2ccaf458984fa1d62419e77504
tests/skill_smoke_commands.yaml	328c46e3f3b5610827b40527818243f6e60e9c1212de39678671ac66a042ba8a
tools/deploy	14075e3082779fbcb9acad34b65d9218f3dc88b788ec8f03ec2ce5d10ecf86e1
tools/deploy.ps1	ca065762c50e564ff1bd1166539a452cfac831d461cefd987e4836c09ae08fe4
tools/deploy.py	d7ab2b7e1817a2410a92b6c2bf81c2b73350ce453f205735c9bae2869238e95b
tools/generate_docs_artifacts.py	e12735fd264d6ad1b11ca8f34e6eb680f77feb96d2b2c601d6beeb084931361c
tools/refresh_public_skill_index.py	775b949226ef25a5106d3594a7d49f448aba61157282d7d0a9f338367ad62ad1
tools/skill_importer_scan	927de893f3d484f32433683d47c1a0093346a236b5d8559016c60c338d6b5451
tools/skill_importer_scan.ps1	96ab583bacb9cd76e11b35b26e544519eba48fe176dadf2329954518c24c5900
tools/skill_importer_scan.py	e19dd4544bd5d5e68861eacab7a46b8ed7517436b4a7017bb1eb4fab42570603
tools/skill_index_scrub.py	c14bedb4939cd3e740fc636b5bb9872d3948371424a8b5343b8e9bd3c2d8f76b
tools/skill_validation_scan.py	ffa9f8b19f06990282e93c8da84096ec73cd4303167db126c65a4ac38b670baa
tools/tmux_ops	326957664daf146ca01c19eb34deb336edad7d91d2df20d7879380b1f594b494
tools/tmux_ops.py	cca871240bf4e5d925b88f33230e1c4f6da036af4f96fc999bf6e204a8b0aeee
tools/tmux_terminal_mode	e262fd7b0ba4211808c1af90616129abf5b8a28c50bcf6ed6f00cc41c3f03f4a
tools/tmux_terminal_mode.py	b3d8a056ec0c6483b2cc3c89316b4bd475504f937eb7aae792b5232548fb5055
tools/validate_output_contract.py	db65c22e2c2a8ce1b29f68bf308b2338bfd52f9d6b3ba40e7fe5630e16485387
tools/verify_context	58acae33580d9e8d6af9654c9bccc426f25b049226f19b3f279ccc4be5c7886f
tools/verify_context.ps1	62df30ef83df8be6b3aa88e2c651c5cab57a747a3130a2ba01fbe26c53d607f8
tools/verify_context.py	6badaed8f47e64557d8a489eeb43d3232b64cf89b57802f8c04b9e96d73434e4
tools/verify_rules	df4ee49ec62a1bcfb3691f41bf307e82da0e4c1127318762796b3bf8789a833a
tools/verify_rules.ps1	508f465d566cdfe924d4bcfba854007be0fbf2279b068390dd706f3f7da712d2
tools/verify_rules.py	0a6785b97d7de8e7ef907cd98d0235b50ab8cb1d2f0e13567868a197125c4cae
